[
  {
    "model": "auth.user",
    "pk": 1,
    "fields": {
      "username": "testuser1",
      "password": "pbkdf2_sha256$260000$ABC$XYZ",
      "email": "testuser1@example.com",
      "is_superuser": false,
      "is_staff": false,
      "is_active": true
    }
  },
  {
    "model": "auth.user",
    "pk": 2,
    "fields": {
      "username": "testuser2",
      "password": "pbkdf2_sha256$260000$ABC$XYZ",
      "email": "testuser2@example.com",
      "is_superuser": false,
      "is_staff": false,
      "is_active": true
    }
  },
  {
    "model": "auth.user",
    "pk": 3,
    "fields": {
      "username": "testuser3",
      "password": "pbkdf2_sha256$260000$ABC$XYZ",
      "email": "testuser3@example.com",
      "is_superuser": false,
      "is_staff": false,
      "is_active": true
    }
  },
  {
    "model": "auth.user",
    "pk": 4,
    "fields": {
      "username": "testuser4",
      "password": "pbkdf2_sha256$260000$ABC$XYZ",
      "email": "testuser4@example.com",
      "is_superuser": false,
      "is_staff": false,
      "is_active": true
    }
  },
  {
    "model": "auth.user",
    "pk": 5,
    "fields": {
      "username": "testuser5",
      "password": "pbkdf2_sha256$260000$ABC$XYZ",
      "email": "testuser5@example.com",
      "is_superuser": false,
      "is_staff": false,
      "is_active": true
    }
  },
  {
    "model": "auth.user",
    "pk": 6,
    "fields": {
      "username": "testuser6",
      "password": "pbkdf2_sha256$260000$ABC$XYZ",
      "email": "testuser6@example.com",
      "is_superuser": false,
      "is_staff": false,
      "is_active": true
    }
  },
  {
    "model": "auth.user",
    "pk": 7,
    "fields": {
      "username": "testuser7",
      "password": "pbkdf2_sha256$260000$ABC$XYZ",
      "email": "testuser7@example.com",
      "is_superuser": false,
      "is_staff": false,
      "is_active": true
    }
  },
  {
    "model": "auth.user",
    "pk": 8,
    "fields": {
      "username": "testuser8",
      "password": "pbkdf2_sha256$260000$ABC$XYZ",
      "email": "testuser8@example.com",
      "is_superuser": false,
      "is_staff": false,
      "is_active": true
    }
  },
  {
    "model": "auth.user",
    "pk": 9,
    "fields": {
      "username": "testuser9",
      "password": "pbkdf2_sha256$260000$ABC$XYZ",
      "email": "testuser9@example.com",
      "is_superuser": false,
      "is_staff": false,
      "is_active": true
    }
  },
  {
    "model": "auth.user",
    "pk": 10,
    "fields": {
      "username": "testuser10",
      "password": "pbkdf2_sha256$260000$ABC$XYZ",
      "email": "testuser10@example.com",
      "is_superuser": false,
      "is_staff": false,
      "is_active": true
    }
  },
  {
    "model": "voidpaste.category",
    "pk": 1,
    "fields": {
      "name": "Programming"
    }
  },
  {
    "model": "voidpaste.category",
    "pk": 2,
    "fields": {
      "name": "Hobbies"
    }
  },
  {
    "model": "voidpaste.category",
    "pk": 3,
    "fields": {
      "name": "Music"
    }
  },
  {
    "model": "voidpaste.category",
    "pk": 4,
    "fields": {
      "name": "Movies"
    }
  },
  {
    "model": "voidpaste.category",
    "pk": 5,
    "fields": {
      "name": "Science"
    }
  },
  {
    "model": "voidpaste.category",
    "pk": 6,
    "fields": {
      "name": "Technology"
    }
  },
  {
    "model": "voidpaste.category",
    "pk": 7,
    "fields": {
      "name": "Books"
    }
  },
  {
    "model": "voidpaste.category",
    "pk": 8,
    "fields": {
      "name": "Gaming"
    }
  },
  {
    "model": "voidpaste.category",
    "pk": 9,
    "fields": {
      "name": "Sports"
    }
  },
  {
    "model": "voidpaste.category",
    "pk": 10,
    "fields": {
      "name": "Art"
    }
  },
  {
    "model": "voidpaste.paste",
    "pk": 1,
    "fields": {
      "title": "Test Paste 1",
      "content": "This is test paste content 1.",
      "user": 1,
      "created_at": "2024-07-20T12:00:00Z",
      "updated_at": "2024-07-20T12:00:00Z",
      "category": 1,
      "link": "abcd1234",
      "delete_at": null,
      "delete_choice": "never"
    }
  },
  {
    "model": "voidpaste.paste",
    "pk": 2,
    "fields": {
      "title": "Test Paste 2",
      "content": "This is test paste content 2.",
      "user": 2,
      "created_at": "2024-07-20T12:00:00Z",
      "updated_at": "2024-07-20T12:00:00Z",
      "category": 2,
      "link": "efgh5678",
      "delete_at": "2024-07-21T12:00:00Z",
      "delete_choice": "1_day"
    }
  },
  {
    "model": "voidpaste.paste",
    "pk": 3,
    "fields": {
      "title": "Test Paste 3",
      "content": "This is test paste content 3.",
      "user": 3,
      "created_at": "2024-07-20T12:00:00Z",
      "updated_at": "2024-07-20T12:00:00Z",
      "category": 3,
      "link": "ijkl9012",
      "delete_at": null,
      "delete_choice": "never"
    }
  },
  {
    "model": "voidpaste.paste",
    "pk": 4,
    "fields": {
      "title": "Test Paste 4",
      "content": "This is test paste content 4.",
      "user": 4,
      "created_at": "2024-07-20T12:00:00Z",
      "updated_at": "2024-07-20T12:00:00Z",
      "category": 4,
      "link": "mnop3456",
      "delete_at": "2024-07-21T12:00:00Z",
      "delete_choice": "1_day"
    }
  },
  {
    "model": "voidpaste.paste",
    "pk": 5,
    "fields": {
      "title": "Test Paste 5",
      "content": "This is test paste content 5.",
      "user": 5,
      "created_at": "2024-07-20T12:00:00Z",
      "updated_at": "2024-07-20T12:00:00Z",
      "category": 5,
      "link": "qrst7890",
      "delete_at": null,
      "delete_choice": "never"
    }
  },
  {
    "model": "voidpaste.paste",
    "pk": 6,
    "fields": {
      "title": "Test Paste 6",
      "content": "This is test paste content 6.",
      "user": 6,
      "created_at": "2024-07-20T12:00:00Z",
      "updated_at": "2024-07-20T12:00:00Z",
      "category": 6,
      "link": "uvwx1234",
      "delete_at": "2024-07-21T12:00:00Z",
      "delete_choice": "1_day"
    }
  },
  {
    "model": "voidpaste.paste",
    "pk": 7,
    "fields": {
      "title": "Test Paste 7",
      "content": "This is test paste content 7.",
      "user": 7,
      "created_at": "2024-07-20T12:00:00Z",
      "updated_at": "2024-07-20T12:00:00Z",
      "category": 7,
      "link": "yzab5678",
      "delete_at": null,
      "delete_choice": "never"
    }
  },
  {
    "model": "voidpaste.paste",
    "pk": 8,
    "fields": {
      "title": "Test Paste 8",
      "content": "This is test paste content 8.",
      "user": 8,
      "created_at": "2024-07-20T12:00:00Z",
      "updated_at": "2024-07-20T12:00:00Z",
      "category": 8,
      "link": "cdef9012",
      "delete_at": "2024-07-21T12:00:00Z",
      "delete_choice": "1_day"
    }
  },
  {
    "model": "voidpaste.paste",
    "pk": 9,
    "fields": {
      "title": "Test Paste 9",
      "content": "This is test paste content 9.",
      "user": 9,
      "created_at": "2024-07-20T12:00:00Z",
      "updated_at": "2024-07-20T12:00:00Z",
      "category": 9,
      "link": "ghij3456",
      "delete_at": null,
      "delete_choice": "never"
    }
  },
  {
    "model": "voidpaste.paste",
    "pk": 10,
    "fields": {
      "title": "Test Paste 10",
      "content": "This is test paste content 10.",
      "user": 10,
      "created_at": "2024-07-20T12:00:00Z",
      "updated_at": "2024-07-20T12:00:00Z",
      "category": 10,
      "link": "klmn7890",
      "delete_at": "2024-07-21T12:00:00Z",
      "delete_choice": "1_day"
    }
  },
  {
    "model": "voidpaste.comment",
    "pk": 1,
    "fields": {
      "content": "This is a test comment 1.",
      "paste": 1,
      "user": 1,
      "created_at": "2024-07-20T12:00:00Z",
      "updated_at": "2024-07-20T12:00:00Z"
    }
  },
  {
    "model": "voidpaste.comment",
    "pk": 2,
    "fields": {
      "content": "This is a test comment 2.",
      "paste": 2,
      "user": 2,
      "created_at": "2024-07-20T12:00:00Z",
      "updated_at": "2024-07-20T12:00:00Z"
    }
  },
  {
    "model": "voidpaste.comment",
    "pk": 3,
    "fields": {
      "content": "This is a test comment 3.",
      "paste": 3,
      "user": 3,
      "created_at": "2024-07-20T12:00:00Z",
      "updated_at": "2024-07-20T12:00:00Z"
    }
  },
  {
    "model": "voidpaste.comment",
    "pk": 4,
    "fields": {
      "content": "This is a test comment 4.",
      "paste": 4,
      "user": 4,
      "created_at": "2024-07-20T12:00:00Z",
      "updated_at": "2024-07-20T12:00:00Z"
    }
  },
  {
    "model": "voidpaste.comment",
    "pk": 5,
    "fields": {
      "content": "This is a test comment 5.",
      "paste": 5,
      "user": 5,
      "created_at": "2024-07-20T12:00:00Z",
      "updated_at": "2024-07-20T12:00:00Z"
    }
  },
  {
    "model": "voidpaste.comment",
    "pk": 6,
    "fields": {
      "content": "This is a test comment 6.",
      "paste": 6,
      "user": 6,
      "created_at": "2024-07-20T12:00:00Z",
      "updated_at": "2024-07-20T12:00:00Z"
    }
  },
  {
    "model": "voidpaste.comment",
    "pk": 7,
    "fields": {
      "content": "This is a test comment 7.",
      "paste": 7,
      "user": 7,
      "created_at": "2024-07-20T12:00:00Z",
      "updated_at": "2024-07-20T12:00:00Z"
    }
  },
  {
    "model": "voidpaste.comment",
    "pk": 8,
    "fields": {
      "content": "This is a test comment 8.",
      "paste": 8,
      "user": 8,
      "created_at": "2024-07-20T12:00:00Z",
      "updated_at": "2024-07-20T12:00:00Z"
    }
  },
  {
    "model": "voidpaste.comment",
    "pk": 9,
    "fields": {
      "content": "This is a test comment 9.",
      "paste": 9,
      "user": 9,
      "created_at": "2024-07-20T12:00:00Z",
      "updated_at": "2024-07-20T12:00:00Z"
    }
  },
  {
    "model": "voidpaste.comment",
    "pk": 10,
    "fields": {
      "content": "This is a test comment 10.",
      "paste": 10,
      "user": 10,
      "created_at": "2024-07-20T12:00:00Z",
      "updated_at": "2024-07-20T12:00:00Z"
    }
  }
]
